{"cameraMode":{"drawMode":0,"name":"Shaded","section":"Shading Mode"},"sceneLighting":false,"audioPlay":false,"sceneViewState":{"showFog":false,"showMaterialUpdate":false,"showSkybox":false,"showFlares":true,"showImageEffects":false,"showParticleSystems":true},"in2DMode":false,"pivot":{"x":0.8851457834243774,"y":1.8736953735351563,"z":-6.124290943145752},"rotation":{"x":-0.0018095046980306507,"y":-0.024900788441300393,"z":0.000044583328417502344,"w":-0.9996947646141052},"size":1.8795546293258668,"orthographic":false}